FSID,mapping_period,month,region,satellite,upload_date,file_name,current,comment,R,G,B
1,2023/01/01-2023/01/22,1,QLDS,,20230123,FSQLDS_20221206-20230122,,,,,
2,2023/01/01-2023/01/16,1,WAN,Sentinel 2,20230201,FSWAN_S2Mosaic_20221201-20230116_2023,,,,,
3,2023/01/01-2023/01/16,1,WAS,Sentinel 2,20230201,FSWAS_S2Mosaic_20220901-20230130_2023,,,,,
4,2023/01/22-2023/02/13,1,QLDS,,20230215,fsqlds_20230122-20230213,,,,,
5,2023/01/22-2023/02/13,2,QLDS,,20230215,fsqlds_20230122-20230213,,,,,
6,2023/01/01-2023/01/31,1,WAN,Sentinel 2,20230225,FSWAN_S2Mosaic_20230101-20230223,,,,,
7,2023/02/01-2023/02/23,2,WAN,Sentinel 2,20230225,FSWAN_S2Mosaic_20230101-20230224,,,,,
8,2023/01/01-2023/01/31,1,WAS,Sentinel 2,20230225,FSWAS_S2Mosaic_20230101-20230223,,,,,
9,2023/02/01-2023/02/23,2,WAS,Sentinel 2,20230225,FSWAS_S2Mosaic_20230101-20230223,,,,,
10,2023/02/13-2023/02/27,2,QLDS,,20230227,FSQLDS_20220213-20220227,,,,,
11,2023/02/01-2023/02/25,2,NT,,20230227,FSNT_20230201-20230225,,,,,
12,2023/01/01-2023/01/31,1,WAN,Sentinel 2,20230308,WAN_S2Mosaic_20230201-20230308,,,,,
13,2023/02/01-2023/02/28,2,WAN,MODIS,20230308,WAN_MODIS_20230217-20230308,,,,,
14,2023/02/01-2023/02/28,2,WAN,Sentinel 2,20230308,WAN_S2Mosaic_20230201-20230308,,,,,
15,2023/03/01-2023/03/08,3,WAN,MODIS,20230308,WAN_MODIS_20230217-20230308,,,,,
16,2023/03/01-2023/03/08,3,WAN,Sentinel 2,20230308,WAN_S2Mosaic_20230201-20230308,,,,,
17,2023/02/27-2023/03/01,2,QLDS,,20230309,FSQLDS_20230227-20230301,,,,,
18,2023/01/01-2023/01/31,1,NT,Sentinel 2,20230313,FSNT_20230216-20230312,,NT South,,,
19,2023/02/27-2023/03/12,3,NT,MODIS,20230313,FSNT_20230216-20230312,,NT South,,,
20,2023/02/16-2023/02/27,2,NT,MODIS,20230313,FSNT_20230216-20230313,,NT South,,,
21,2023/02/01-2023/02/28,2,WAN,Sentinel 2,20230313,FSWAN_S2_20230201-20230313,,,,,
22,2023/03/01-2023/03/13,3,WAN,MODIS,20230313,FSWAN_S2_20230201-20230313,,,,,
23,2023/03/01-2023/03/12,3,WAN,MODIS,20230313,FSWAN_MODIS_20230308-20230312,,,,,
24,2023/02/05-2023/02/28,2,NT,Sentinel 2,20230318,FSNT_Feb2023_KatherineArea_s2,,,,,
25,2023/01/01-2023/01/31,1,WAS,Sentinel 2,20230318,FSWARLS2_S2Mosaic_02230101-20230317,,,,,
26,2023/02/01-2023/02/28,2,WAS,Sentinel 2,20230318,FSWARLS2_S2Mosaic_02230101-20230317,,,,,
27,2023/03/01-2023/03/17,3,WAS,Sentinel 2,20230318,FSWARLS2_S2Mosaic_02230101-20230317,,,,,
28,2023/01/01-2023/01/31,1,WAS,Sentinel 2,20230318,FSWAS_S2Mosaic_20230201-20230317,,,,,
29,2023/02/01-2023/02/28,2,WAS,Sentinel 2,20230318,FSWAS_S2Mosaic_20230201-20230317,,,,,
30,2023/03/01-2023/03/17,3,WAS,Sentinel 2,20230318,FSWAS_S2Mosaic_20230201-20230317,,,,,
31,2023/03/01-2023/03/16,3,QLDS,MODIS,20230320,FSQLDS_20230301-0316,,,,,
32,2023/03/09-2023/03/19,3,SA,Sentinel 2,20230320,FSSA_20230309-20230319,,,,,
33,2023/03/12-2023/03/18,3,WAN,MODIS,20230320,FSWAN_20230312-20230318,,,,,
34,2023/03/12-2023/03/19,3,WAN,MODIS,20230320,FSWAN_20230312-20230319,,,,,
35,2023/03/12-2023/03/21,3,NT,MODIS,20230321,FSNT_20230312-20230321,,NT South,,,
36,2023/03/12-2023/03/22,3,SA,Sentinel 2,20230323,FSSA_20230312-20230322,,single fire NW corner,,,
37,2023/03/13-2023/03/22,3,WAN,MODIS,20230323,FSWAN_20230313-20230322,,,,,
38,2023/03/22-2023/03/24,3,SA,Sentinel 2,20230327,FSSA_20230322-20230324,,,,,
39,2023/02/15-2023/02/28,2,WAS,Sentinel 2,20230330,FSWAS_S2Mosaic_20230215-20230329,,,,,
40,2023/03/01-2023/03/29,3,WAS,Sentinel 2,20230330,FSWAS_S2Mosaic_20230215-20230329,,,,,
41,2023/03/18-2023/03/27,3,WAN,MODIS,20230330,FSWAN_20230318-20230327,,,,,
42,2023/03/18-2023/03/29,3,NT,MODIS-S2,,,,,,,
43,2023/03/15-2023/04/01,3,QLDN,MODIS-S2,20230403,FSQLDN_20230315-20230401,,,,,
44,2023/02/01-2023/02-28,2,WAN,MODIS,20230403,FSWAN_20230318-20230401,,,,,
45,2023/03/18-2023/03/31,3,WAN,MODIS,20230403,FSWAN_20230318-20230401,,,,,
46,2023/04/01-2023/04/01,4,WAN,MODIS,20230403,FSWAN_20230318-20230401,,,,,
47,2023/03/18-2023/03/31,3,WAN,Sentinel 2,20230403,FSWAN_S2_20230402,,,,,
48,2023/04/01-2023/04/02,4,WAN,Sentinel 2,20230403,FSWAN_S2_20230402,,,,,
49,2023/03/16-2023/04/08,3,QLDS,MODIS,20230413,FSQLDS_20230316-20230408,,,,,
50,2023/03/16-2023/04/08,4,QLDS,MODIS,20230413,FSQLDS_20230316-20230408,,,,,
51,2023/01/01-2023/01/31,1,WAN,Sentinel 2,20230413,FSWAN_S2Mosaic_20230201-20230411,,,,,
52,2023/02/01-2023/02/28,2,WAN,Sentinel 2,20230413,FSWAN_S2Mosaic_20230201-20230411,,,,,
53,2023/03/01-2023/03/31,3,WAN,Sentinel 2,20230413,FSWAN_S2Mosaic_20230201-20230411,,,,,
54,2023/04/01-2023/04/11,4,WAN,Sentinel 2,20230413,FSWAN_S2Mosaic_20230201-20230411,,,,,
55,2023/03/01-2023/03/31,3,WAN,MODIS,20230413,FSWAN_20230401-20230407,,,,,
56,2023/04/01-2023/04/07,4,WAN,MODIS,20230413,FSWAN_20230401-20230407,,,,,
57,2023/04/01-2023/04/11,4,QLDN,MODIS,20230419,FSQLDN_20230401-20230411,,,,,
58,2023/04/08-2023/04/14,4,QLDS,MODIS,20230419,FSQLDS_20230408-20230414,,,,,
59,2023/03/28-2023/04/19,4,NT,MODIS,20230419,FSNT_20230328-20230419,,top end,,,
60,2023/03/01-2023/03/31,3,WAN,MODIS,20230421,FSWAN_20230401-20230420,,,,,
61,2023/04/01-2023/04/20,4,WAN,MODIS,20230421,FSWAN_20230401-20230420,,,,,
62,2023/03/28-2023/04/24,4,NT,MODIS,20230427,FSNT_20230328-20230424,,top end,,,
63,2023/01/01-2023/01/31,1,WAS,Sentinel 2,20230427,FSWAS_S2Backmap_20221201-20230424,,,,,
64,2023/02/01-2023/02/28,2,WAS,Sentinel 2,20230427,FSWAS_S2Backmap_20221201-20230424,,,,,
65,2023/03/01-2023/03/31,3,WAS,Sentinel 2,20230427,FSWAS_S2Backmap_20221201-20230424,,,,,
66,2023/04/01-2023/04/24,4,WAS,Sentinel 2,20230427,FSWAS_S2Backmap_20221201-20230424,,,,,
67,2023/04/20-2023/04/24,4,WAN,MODIS,20230427,FSWAN_20230420-20230424,,,,,
68,2023/04/02-2023/04/27,4,NT,MODIS/Sent2,20230428,FSNT_20230419-20230501,,,,,
69,2023/04/19-2023/05/01,5,NT,MODIS,20230502,FSNT_20230402-20230428,,,,,
70,2023/04/20-2023/04/25,4,WAN,MODIS,20230502,FSWAN_20230420-20230425,,,,,
71,2023/04/20-2023/04/30,4,WAN,MODIS,20230502,FSWAN_20230420-20230430,,,,,
72,2023/04/24-2023/04/30,4,WAN,MODIS,20230502,FSWAN_20230424-20230430,,,,,
73,2023/04/24-2023/05/01,4,WAN,MODIS,20230502,FSWAN_20230424-20230501,,,,,
74,2023/04/11-2023/05/05,4,QLDN,MODIS,20230507,FSQLDN_20230411-20230505,,,,,
75,2023/04/11-2023/05/05,5,QLDN,MODIS,20230507,FSQLDN_20230411-20230505,,,,,
76,2023/04/14-2023/05/04,4,QLDS,MODIS,20230507,FSQLDS_20230414-20230504,,,,,
77,2023/04/14-2023/05/04,5,QLDS,MODIS,20230507,FSQLDS_20230414-20230504,,,,,
78,2023/04/25-2023/05/04,4,WAN,MODIS,20230508,FSWAN_20230425-2023004,,,,,
79,2023/04/25-2023/05/04,5,WAN,MODIS,20230508,FSWAN_20230425-2023004,,,,,
80,2023/04/25-2023/05/05,4,WAN,MODIS,20230508,FSWAN_20230425-2023005,,,,,
81,2023/04/25-2023/05/05,5,WAN,MODIS,20230508,FSWAN_20230425-2023005,,,,,
82,2023/05/01-2023/05/06,5,WAN,MODIS,20230508,FSWAN_20230425-20230506,,,,,
83,2023/05/01-2023/05/08,5,NT,MODIS,20230508,FSNT_20230501-20230508,,,,,
84,2023/05/04-2023/05/11,5,WAN,MODIS,20230511,FSWAN_20230504-20230511,,,,,
85,2023/05/05-2023/05/10,5,QLDN,MODIS,20230514,FSQLDN_20230505-20230510,,,,,
86,2023/01/01-2023/01/31,1,WAN,Sentinel 2,20230515,FSWAN_S2Mosaic_20221201-20230424,,,,,
87,2023/02/01-2023/02/28,2,WAN,Sentinel 2,20230515,FSWAN_S2Mosaic_20221201-20230424,,,,,
88,2023/03/01-2023/03/31,3,WAN,Sentinel 2,20230515,FSWAN_S2Mosaic_20221201-20230424,,,,,
89,2023/04/01-2023/04/24,4,WAN,Sentinel 2,20230515,FSWAN_S2Mosaic_20221201-20230424,,,,,
90,2023/05/11-2023/05/14,5,WAN,MODIS,20230515,FSWAN_20230511-20230514,,,,,
91,2023/03/01-2023/03/31,3,WAN,Sentinel 2,20230515,FSWAN_S2_Mosaic_20221201p30-20230501p15,,,,,
92,2023/04/01-2023/04/30,4,WAN,Sentinel 2,20230515,FSWAN_S2_Mosaic_20221201p30-20230501p15,,,,,
93,2023/05/01-2023/05/15,5,WAN,Sentinel 2,20230515,FSWAN_S2_Mosaic_20221201p30-20230501p15,,,,,
94,2023/05/01-2023/05/08,5,NT,MODIS,20230516,FSNT_20230508-20230516,,,,,
95,2023/05/04-2023/05/17,5,QLDS,MODIS,20230519,FSQLDS_20230504-20230517,,,,,
96,2023/05/13-2023/05/21,5,NT,MODIS,20230522,FSNT_20230513-20230521,,,,,
97,2023/05/14-2023/05/21,5,WAN,MODIS,20230522,FSWAN_20230514-20230521,,,,,
98,2023/05/10-2023/05/19,5,QLDN,MODIS,20230522,FSQLDN_20230510-20230519,,,,,
99,2023/05/10-2023/05/27,5,NT,MODIS,20230527,FSNT_202300518-20230527,,,,,
100,2023/05/21-203/05/28,5,WAN,MODIS,20230529,FSWAN_20230521-20230528,,,,,
101,2023/05/17-2023/05/26,5,QLDS,MODIS,20230529,FSQLDS_20230517-20230526,,,,,
102,2023/05/10-2023/05/27,5,QLDN,MODIS,20230529,FSQLDN_20230510-20230527,,,,,
103,2023/02/01-2023/02/28,2,WAS,Sentinel 2,20230530,FSWAS_S2Mosaic_20230315-20230521,,,,,
104,2023/03/01-2023/03/31,3,WAS,Sentinel 2,20230530,FSWAS_S2Mosaic_20230315-20230521,,,,,
105,2023/04/01-2023/0430,4,WAS,Sentinel 2,20230530,FSWAS_S2Mosaic_20230315-20230521,,,,,
106,2023/05/01-2023/05/21,5,WAS,Sentinel 2,20230530,FSWAS_S2Mosaic_20230315-20230521,,,,,
107,2023/05/27-2023/06/01,5,NT,MODIS,20230602,FSNT_202300527-20230601,,,,,
108,2023/03/01-2023/03/31,3,WAS,Sentinel 2,20230603,FSWAS_S2Clip20230529,,,,,
109,2023/05/01-2023/05/31,5,WAS,Sentinel 2,20230603,FSWAS_S2Clip20230529,,,,,
110,2023/05/12-2023/02/31,5,WAS,MODIS,20230603,FSWAS_20230512-20230531,,,,,
111,2023/05/28-2023/05/31,5,WAN,MODIS,20230603,FSWAN_20230528-20230531,,,,,
112,2023/05/31-2023/06/02,6,WAN,MODIS,20230603,FSWAN_20230531-20230602,,,,,
113,2023/05/27-2023/06/02,6,QLDN,MODIS,20230605,FSQLDN_20230527-20230602,,,,,
114,2023/05/27-2023/06/01,5,NT,Sentinel 2,20230606,FSNT_20230527-20230602_sent2,,,,,
115,2023/06/01-2023/06/06,6,NT,MODIS,20230609,FSNT_202300601-20230606,,,,,
116,2023/06/02-2023/06/09,6,WAN,MODIS,20230609,FSWAN_20230602-20230609,,,,,
117,2023/05/26-2023/06/02,5,QLDS,MODIS,20230612,FSQLDS_20230526-20230602,,,,,
118,2023/06/02-2023/06/12,6,QLDN,MODIS,20230612,FSQLDN_20230602-20230612,,,,,
119,2023/06/02-2023/06/11,6,NT,MODIS,20230615,FSNT_20230606-20230611,,,,,
120,2023/04/01-2023/04/31,4,WAN,Sentinel 2,20230615,FSWAN_S2Mosaic_20230415-20230613,,,,,
121,2023/05/01-2023/05/31,5,WAN,Sentinel 2,20230615,FSWAN_S2Mosaic_20230415-20230613,,,,,
122,2023/06/01-2023/06/13,6,WAN,Sentinel 2,20230615,FSWAN_S2Mosaic_20230415-20230613,,,,,
123,2023/03/01-2023/03/31,3,WAS,Sentinel 2,20230619,FSWAS_S2Mosaic_20230415-20230613,,,,,
124,2023/04/01-2023/04/30,4,WAS,Sentinel 2,20230619,FSWAS_S2Mosaic_20230415-20230613,,,,,
125,2023/05/01-2023/05/31,5,WAS,Sentinel 2,20230619,FSWAS_S2Mosaic_20230415-20230613,,,,,
126,2023/06/01-2023/06/15,6,WAS,Sentinel 2,20230619,FSWAS_S2Mosaic_20230415-20230613,,,,,
127,2023/06/01-2023/06/15,6,NT,Sentinel 2,20230619,FSNT_2023-06-13_sent-map,,,,,
128,2023/06/02-2023/06/17,6,QLDS,MODIS,20230619,FSQLDS_20230602-20230617,,,,,
129,2023/06/12-2023/06/19,6,QLDN,MODIS,20230620,FSQLDN_20230612-20230619,,,,,
130,2023/06/02-2023/06/19,6,WAN,MODIS,20230621,FSWAN_20230602-20230619,,,,,
131,2023/01/01-2023/01/31,1,WAN,Sentinel 2,20230623,FSWAN_S2Mosaic_20221201-20230516,,,,,
132,2023/02/01-2023/02/28,2,WAN,Sentinel 2,20230623,FSWAN_S2Mosaic_20221201-20230516,,,,,
133,2023/03/01-2023/03/31,3,WAN,Sentinel 2,20230623,FSWAN_S2Mosaic_20221201-20230516,,,,,
134,2023/04/01-2023/04/30,4,WAN,Sentinel 2,20230623,FSWAN_S2Mosaic_20221201-20230516,,,,,
135,2023/05/01-2023/05/31,5,WAN,Sentinel 2,20230623,FSWAN_S2Mosaic_20221201-20230516,,,,,
136,2023/06/02-2023/06/24,6,WAN,MODIS,20230626,FSWAN_20230602-20230624,,,,,
137,2023/06/01-2023/06/24,6,WAS,MODIS,20230626,FSWAS_20230531-20230624,,,,,
138,2023/06/13-2023/06/23,6,NT,MODIS,20230627,FSNT_20230613-20230623,,,,,
139,2023/06/13-2023/06/30,6,NT,MODIS,20230704,FSNT_202300613-20230630_topend,,,,,
140,2023/06/19-2023/06/29,6,QLDN,MODIS,20230707,FSQLDN_20230619-20230629,,,,,
141,2023/04/01-2023/04/30,4,WAN,Sentinel 2,20230708,FSWAN_S2Mosaic_20230515-20230707,,,,,
142,2023/05/01-2023/05/31,5,WAN,Sentinel 2,20230708,FSWAN_S2Mosaic_20230515-20230707,,,,,
143,2023/06/01-2023/06/30,6,WAN,Sentinel 2,20230708,FSWAN_S2Mosaic_20230515-20230707,,,,,
144,2023/06/01-2023/07/07,6,WAS,Sentinel 2,20230708,FSWAS_S2Mosaic_20230515-20230707,,,,,
145,2023/07/01-2023/07/07,7,WAS,Sentinel 2,20230708,FSWAS_S2Mosaic_20230515-20230707,,,,,
146,2023/05/28-2023/07/11,5,SA,MODIS,20230712,FSSA_20230528-20230711,,,,,
147,2023/05/28-2023/07/11,6,SA,MODIS,20230712,FSSA_20230528-20230711,,,,,
148,2023/06/17-2023/07/08,6,QLDS,MODIS,20230712,FSQLDS_20230617-20230708,,,,,
149,2023/06/17-2023/07/08,7,QLDS,MODIS,20230712,FSQLDS_20230617-20230708,,,,,
150,2023/04/01-2023/04/30,4,WAN,MODIS,20230712,FSWAN_20230602-20230711,,,,,
151,2023/05/01-2023/05/31,5,WAN,MODIS,20230712,FSWAN_20230602-20230711,,,,,
152,2023/06/01-2023/06/310,6,WAN,MODIS,20230712,FSWAN_20230602-20230711,,,,,
153,2023/07/01-2023/07/11,7,WAN,MODIS,20230712,FSWAN_20230602-20230711,,,,,
154,2023/06/13-2023/06/30,6,NT,Sentinel 2,20230712,FSNT_202300630-20230710_topend,,,,,
155,2023/06/13-2023/07/10,7,NT,Sentinel 2,20230712,FSNT_202300630-20230710_topend,,,,,
156,2023/06/29-2023/07/12,7,QLDN,,20230713,FSQLDN_20230629-20230712,,,,,
157,2023/04/19-2023/07/10,5,NT,Sentinel,20230718,Centa_2023-04-19_20230710,,,,,
158,2023/04/19-2023/07/10,6,NT,Sentinel,20230718,Centa_2023-04-19_20230710,,,,,
159,2023/04/19-2023/07/10,7,NT,Sentinel,20230718,Centa_2023-04-19_20230710,,,,,
160,2023/04/01-2023/04/30,4,WAN,Sentinel 2,20230718,FSWAN_S2Mosaic_20230515-20230716,,,,,
161,2023/05/01-2023/05/31,5,WAN,Sentinel 2,20230718,FSWAN_S2Mosaic_20230515-20230716,,,,,
162,2023/06/01-2023/06/30,6,WAN,Sentinel 2,20230718,FSWAN_S2Mosaic_20230515-20230716,,,,,
163,2023/07/01-2023/07/16,7,WAN,Sentinel 2,20230718,FSWAN_S2Mosaic_20230515-20230716,,,,,
164,2023/05/01-2023/05/31,5,WAS,Sentinel 2,20230718,FSWAS_S2Mosaic_20230515-20230716,,,,,
165,2023/06/01-2023/06/30,6,WAS,Sentinel 2,20230718,FSWAS_S2Mosaic_20230515-20230716,,,,,
166,2023/07/01-2023/07/16,7,WAS,Sentinel 2,20230718,FSWAS_S2Mosaic_20230515-20230716,,,,,
167,2023/07/06-2023/07/17,7,WAN,MODIS,20230718,FSWAN_20230706-20230717,,,,,
168,2023/07/01-2023/07/15,7,NT,MODIS/S2,,FSNT_20230709-20230715,,,,,
169,2023/06/29-2023/07/19,7,QLDN,MODIS,20230720,FSQLDN_20230629-20230719,,,,,
170,2023/07/15-2023/07/23,7,NT,MODIS,20230725,FSNT_202300715-20230723,,,,,
171,2023/07/08-2023/07/19,7,QLDS,MODIS,20230725,FSQLDS_20230708-20230719,,,,,
172,2023/07/17-2023/07/25,7,WAN,MODIS,20230725,FSWAN_20230717-20230725,,,,,
173,2023/07/17-2023/07/26,7,NT,MODIS,20230727,FSNT_202300708-20230726_EA,,East Arnhemland,,,
174,2023/07/19-2023/07/28,7,QLDN,MODIS,20230801,FSQLDN_20230719-20230728,,,,,
175,2023/07/08-2023/07/30,7,QLDS,MODIS,20230802,FSQLDS_20230708-20230730,,,,,
176,2023/07/25-2023/07/31,7,WAN,MODIS,20230802,FSWAN_20230725-20230802,,,,,
177,2023/08/01-2023/08/02,8,WAN,MODIS,20230802,FSWAN_20230725-20230802,,,,,
178,2023/06/29-2023/07/31,7,QLDN,MODIS,20230803,FSQLDN_20230629-20230731,,,,,
179,2023/07/31-2023/08/07,7,QLDN,MODIS,20230808,FSQLDN_20230731-20230807,,,,,
180,2023/07/31-2023/08/07,8,QLDN,MODIS,20230808,FSQLDN_20230731-20230807,,,,,
181,2023/07/08-2023/07/31,7,NT,MODIS,20230808,FSNT_202300726-20230731,,,,,
182,2023/07/31-2023/08/07,8,NT,MODIS,20230811,FSNT_20230731-20230807,,,,,
183,2023/07/25-2023/07/31,7,WAN,MODIS,20230811,FSWAN_20230725-20230810,,,,,
184,2023/08/01-2023/08/10,8,WAN,MODIS,20230811,FSWAN_20230725-20230810,,,,,
185,2023/08/02-2023/08/10,8,NT,MODIS,20230811,FSNT_202300802-20230810,,,,,
186,2023/06/01-2023/06/30,6,WAS,Sentinel 2,20230811,FSWAS_20230601-20230810,,,,,
187,2023/07/01-2023/07/31,7,WAS,Sentinel 2,20230811,FSWAS_20230601-20230810,,,,,
188,2023/08/01-2023/08/10,8,WAS,Sentinel 2,20230811,FSWAS_20230601-20230810,,,,,
189,2023/08/10-2023/08/13,8,NT,MODIS,20230813,FSNT_202300802-20230813cen,,,,,
190,2023/08/09-2023/08/16,8,WAN,MODIS,20230817,FSWAN_20230809-20230816,,,,,
191,2023/08/07-2023/08/16,8,QLDN,MODIS,20230817,FSQLDN_20230807-20230816,,,,,
192,2023/07/30-2023/08/13,8,QLDS,MODIS,20230818,FSQLDS_20230730-20230813,,,,,
193,2023/08/13-2023/08/17,8,NT,MODIS,20230818,FSNT_20230726-20230817,,,,,
194,2023/06/01-2023/06/30,6,WAN,Sentinel 2,20230821,FSWAN_S2_20230615-200230818,,,,,
195,2023/07/01-2023/07/31,7,WAN,Sentinel 2,20230821,FSWAN_S2_20230615-200230818,,,,,
196,2023/08/01-2023/08/18,8,WAN,Sentinel 2,20230821,FSWAN_S2_20230615-200230818,,,,,
197,2023/08/16-2023/08/20,8,WAN,MODIS,20230821,FSWAN_20230816-20230820,,,,,
198,2023/08/13-2023/08/21,8,NT,MODIS,20230822,FSNT_20230807-20230821,,,,,
199,2023/08/16-2023/08/23,8,QLDN,MODIS,20230825,FSQLDN_20230816-20230823,,,,,
200,2023/08/20-2023/08/28,8,WAN,MODIS,20230828,FSWAN_20230820-20230828,,,,,
201,2023/08/07-2023/08/27,8,NT,MODIS,20230828,FSNT_20230821-20230827,,,,,
202,2023/08/13-2023/08/23,8,QLDS,MODIS,20230828,FSQLDS_20230813-20230823,,,,,
203,2023/08/01-2023/08/28,8,WAS,Sentinel 2,20230830,FSWAS_20230715-20230828,,,,,
204,2023/08/18-2023/08/28,8,WAS,MODIS,20230830,FSWAS_20230818-20230828,,,,,
205,2023/08/01-2023/08/25,8,NT,Sentinel 2,20230830,FSNT_20230714-20230822_sent,,,,,
206,2023/07/14-2023/07/31,7,NT,Sentinel 2,20230830,FSNT_20230714-20230822_sent,,,,,
207,2023/07/15-2023/07/31,7,WAN,Sentinel 2,20230901,FSWAN_S2_20230715-20230831,,,,,
208,2023/08/01-2023/08/31,8,WAN,Sentinel 2,20230901,FSWAN_S2_20230715-20230831,,,,,
209,2023/08/28-2023/08/31,8,WAN,MODIS,20230901,FSWAN_20230828-20230831,,,,,
210,2023/08/23-2023/08/30,8,QLDN,MODIS,20230901,FSQLDN_20230823-20230830,,,,,
211,2023/07/31-2023/08/31,8,NT,MODIS,20230901,FSNT_20230731-20230831,,,,,
212,2023/07/01-2023/07/31,7,NT,Sentinel 2,20230905,FSNT_S2_20230715-20230904,,,,,
213,2023/08/01-2023/08/31,8,NT,Sentinel 2,20230905,FSNT_S2_20230715-20230904,,,,,
214,2023/09/01-2023/09/04,9,NT,Sentinel 2,20230905,FSNT_S2_20230715-20230904,,,,,
215,2023/08/30-2023/08/31,8,WAN,MODIS,20230905,FSWAN_20230830-20230904,,,,,
216,2023/09/01-2023/09/04,9,WAN,MODIS,20230905,FSWAN_20230830-20230904,,,,,
217,2023/08/28-2023/08/31,8,WAS,MODIS,20230905,FSWAS_20230828-20230904,,,,,
218,2023/09/01-2023/09/04,9,WAS,MODIS,20230905,FSWAS_20230828-20230904,,,,,
219,2023/09/01-2023/09/05,9,NT,MODIS,20230905,FSNT_20230901-20230905,,,,,
220,2023/08/30-2023/09/05,9,QLDN,MODIS,20230906,FSQLDN_20230830-20230905,,,,,
221,2023/09/05-2023/09/08,9,NT,MODIS,20230909,FSNT_20230905-20230908,,,,,
222,2023/08/26-2023/08/31,8,WAN,Sentinel 2,20030910,FSWAN_S2_20230826-20230909,,,,,
223,2023/09/01-2023/09/09,9,WAN,Sentinel 2,20030910,FSWAN_S2_20230826-20230909,,,,,
224,2023/09/04-2023/09/09,9,WAN,MODIS,20030910,FSWAN_20230904-20230909,,,,,
225,2023/09/01-2023/09/10,9,NT,MODIS,20030910,FSNT_20230901-20230910,,,,,
226,2023/08/23-2023/09/01,8,QLDS,MODIS,20230911,FSQLDS_2023023-20230901,,,,,
227,2023/01/01-2023/07/31,1,WAN,MODIS/Sent2,20230923,FS_WAN_Jan_July_Review_2023,,,,,
228,2023/01/01-2023/07/31,2,WAN,MODIS/Sent2,20230923,FS_WAN_Jan_July_Review_2023,,,,,
229,2023/01/01-2023/07/31,3,WAN,MODIS/Sent2,20230923,FS_WAN_Jan_July_Review_2023,,,,,
230,2023/01/01-2023/07/31,4,WAN,MODIS/Sent2,20230923,FS_WAN_Jan_July_Review_2023,,,,,
231,2023/01/01-2023/07/31,5,WAN,MODIS/Sent2,20230923,FS_WAN_Jan_July_Review_2023,,,,,
232,2023/01/01-2023/07/31,6,WAN,MODIS/Sent2,20230923,FS_WAN_Jan_July_Review_2023,,,,,
233,2023/01/01-2023/07/31,7,WAN,MODIS/Sent2,20230923,FS_WAN_Jan_July_Review_2023,,,,,
234,2023/01/01-2023/07/31,1,QLDN,MODIS/Sent2,20230912,FS_QLDN_Jan_July_Review_2023,,,,,
235,2023/01/01-2023/07/31,2,QLDN,MODIS/Sent2,20230912,FS_QLDN_Jan_July_Review_2023,,,,,
236,2023/01/01-2023/07/31,3,QLDN,MODIS/Sent2,20230912,FS_QLDN_Jan_July_Review_2023,,,,,
237,2023/01/01-2023/07/31,4,QLDN,MODIS/Sent2,20230912,FS_QLDN_Jan_July_Review_2023,,,,,
238,2023/01/01-2023/07/31,5,QLDN,MODIS/Sent2,20230912,FS_QLDN_Jan_July_Review_2023,,,,,
239,2023/01/01-2023/07/31,6,QLDN,MODIS/Sent2,20230912,FS_QLDN_Jan_July_Review_2023,,,,,
240,2023/01/01-2023/07/31,7,QLDN,MODIS/Sent2,20230912,FS_QLDN_Jan_July_Review_2023,,,,,
241,2023/01/01-2023/07/31,1,NT,MODIS/Sent2,20230912,FS_NT_Jan_July_Review_2023,,,,,
242,2023/01/01-2023/07/31,2,NT,MODIS/Sent2,20230912,FS_NT_Jan_July_Review_2023,,,,,
243,2023/01/01-2023/07/31,3,NT,MODIS/Sent2,20230912,FS_NT_Jan_July_Review_2023,,,,,
244,2023/01/01-2023/07/31,4,NT,MODIS/Sent2,20230912,FS_NT_Jan_July_Review_2023,,,,,
245,2023/01/01-2023/07/31,5,NT,MODIS/Sent2,20230912,FS_NT_Jan_July_Review_2023,,,,,
246,2023/01/01-2023/07/31,6,NT,MODIS/Sent2,20230912,FS_NT_Jan_July_Review_2023,,,,,
247,2023/01/01-2023/07/31,7,NT,MODIS/Sent2,20230912,FS_NT_Jan_July_Review_2023,,,,,
248,2023/09/08-2023/09/12,9,NT,MODIS,20230912,FSNT_TenantBarkley_20230908-20230912,,,,,
249,2023/09/10-2023/09/13,9,NT,MODIS,20230913,FSNT_20230910-20230913_cent,,,,,
250,2023/09/01-2023/09/13,9,NT,MODIS,20230914,WAN_NTAOI_Firescars_20230913,,,,,
251,2023/09/01-2023/09/13,9,WAN,MODIS,20230914,WAN_NTAOI_Firescars_20230913,,,,,
252,2023/09/05-2023/09/12,9,QLDN,MODIS,20230914,FSQLDN_20230905-20230912,,,,,
253,2023/09/10-2023/09/13,9,NT,MODIS,20230914,FSNT_20230910-20230913_Miguel,,,,,
254,2023/08/26-2023/09/14,9,WAN,Sentinel 2,20230915,WAN_S2_20230826-20230914,,20230914 S2 SwathExtent,,,
255,2023/09/13-2023/09/15,9,WAN,MODIS,20230915,WAN_20230913-20230915,,,,,
256,2023/09/13-2023/09/14,9,NT,MODIS,20230915,FSNT_20230913-20230914_Miguel,,,,,
257,2023/09/13-2023/09/15,9,NT,MODIS,20230915,FSNT_20230913-20230915_Miguel,,,,,
258,2023/09/15-2023/09/17,9,NT,MODIS,20230921,FSNT_20230915-20230917_Miguel,,,,,
259,2023/09/15-2023/09/20,9,NT,MODIS,20230921,FSNT_20230915-20230920,,,,,
260,2023/08/31-2023/09/16,9,QLDS,MODIS,20230921,FSQLDS_20230831-20230916,,,,,
261,2023/08/31-2023/09/21,9,QLDN,MODIS,20230921,FSQLDN_20230831-20230921,,,,,
262,2023/09/01-2023/09/21,9,WAN,Sentinel 2,20230923,FSWAN_S2_20230901-20230921,,,,,
263,2023/09/15-2023/09/21,9,WAN,MODIS,20230923,FSWAN_20230915-20230921,,,,,
264,2023/01/01-2023/07/31,1,WAS,MODIS/Sent2,20230923,FS_WAS_Jan_July_Review_2023,,,,,
265,2023/01/01-2023/07/31,2,WAS,MODIS/Sent2,20230923,FS_WAS_Jan_July_Review_2023,,,,,
266,2023/01/01-2023/07/31,3,WAS,MODIS/Sent2,20230923,FS_WAS_Jan_July_Review_2023,,,,,
267,2023/01/01-2023/07/31,4,WAS,MODIS/Sent2,20230923,FS_WAS_Jan_July_Review_2023,,,,,
268,2023/01/01-2023/07/31,5,WAS,MODIS/Sent2,20230923,FS_WAS_Jan_July_Review_2023,,,,,
269,2023/01/01-2023/07/31,6,WAS,MODIS/Sent2,20230923,FS_WAS_Jan_July_Review_2023,,,,,
270,2023/01/01-2023/07/31,7,WAS,MODIS/Sent2,20230923,FS_WAS_Jan_July_Review_2023,,,,,
271,2023/09/16-2023/09/21,9,QLDS,MODIS,20230925,FSQLDS_20230916-20230921,,,,,
272,2023/09/15-2023/09/24,9,NT,MODIS,20230925,FSNT_20230915-20230924,,,,,
273,2023/09/21-2023/09/26,9,QLDN,MODIS,20230926,FSQLDN_2023092120230926,,,,,
274,2023/09/10-2023/09/26,9,WAN,MODIS/Sent2,20230926,FSWAN_20230910-20230926,,,,,
275,2023/09/01-2023/09/25,9,WAS,Sentinel 2,20230926,FSWAS_20230901-20230925,yes,,,,
276,2023/08/29-2023/09/27,9,NT,MODIS,20230928,FSNT_20230829-20230927,,,,,
277,2023/09/25-2023/09/30,9,WAN,MODIS,20231003,FSWAN_202309025-20230930,,,,,
278,2023/10/01-2023/10/02,10,WAN,MODIS,20231003,FSWAN_20231001-20231002,,,,,
279,2023/09/21-2023/10/01,9,QLDN,MODIS,20231003,FSQLDN_20230921-20231001,,,,,
280,2023/07/07-2023/10/10,7,SA,Sentinel 2,20231003,FSSA_20230707-20231001,,,,,
281,2023/07/07-2023/10/10,8,SA,Sentinel 2,20231003,FSSA_20230707-20231001,,,,,
282,2023/07/07-2023/10/10,9,SA,Sentinel 2,20231003,FSSA_20230707-20231001,,,,,
283,2023/09/17-2023/10/02,9,NT,MODIS,20231005,FSNT_20230917-20231002_nthCent,,,,,
284,2023/09/25-2023/09/30,9,WAN,MODIS,20231008,FSWAN_20230925-20231002_Ammended20231008,,,,,
285,2023/09/25-2023/09/30,9,WAN,Sentinel 2,20231008,FSWAN_S2_20230925-20231007,,,,,
286,2023/10/01-2023/10/07,10,WAN,Sentinel 2,20231008,FSWAN_S2_20230925-20231007,,,,,
287,2023/09/30-2023/09/30,9,WAN,MODIS,20231008,FSWAN_20230930-20231007,,,,,
288,2023/10/01-2023/10/07,10,WAN,MODIS,20231008,FSWAN_20230930-20231007,,,,,
289,2023/09/30-2023/10/08,10,NT,MODIS,20231009,FSNT_20230930-20231008,,,,,
290,2023/10/01-2023/10/10,10,QLDN,MODIS,20231012,FSQLDN_20231001-20231010,,,,,
291,2023/10/01-2023/10/14,10,NT,MODIS,20131016,FSNT_20230930-20231014,,,,,
292,2023/09/21-2023/09/28,9,QLDS,MODIS,20231016,FSQLDS_20230921-20230928,,,,,
293,2023/09/28-2023/10/15,10,QLDS,MODIS,20231017,FSQLDS_20230928-20231015,,,,,
294,2023/09/25-2023/09/30,9,WAN,Sentinel 2,20231017,FSWAN_S2_20230925-20230915,,,,,
295,2023/10/01-2023/10/15,10,WAN,Sentinel 2,20231017,FSWAN_S2_20230925-20230915,,,,,
296,2023/10/05-2023/10/15,10,WAN,MODIS,20231017,FSWAN_20231005-20231015,,,,,
297,2023/10/10-2023/10/15,10,QLDN,MODIS,20231017,FSQLDN_20231010-20231015,,,,,
298,2023/08/30-2023/09/25,9,NT,Sentinel 2,20231018,Centa_20230830-20230920,,,,,
299,2023/09/25-2023/10/10,10,NT,Sentinel 2,20231018,Centa_20230925-20231010,,,,,
300,2023/09/27-2023/10/18,10,NT,MODIS,20231018,FSNT_20230927-20231018,,,,,
301,2023/10/15-2023/10/17,10,WAN,MODIS,20231018,FSWAN_20231015-20231017,,,,,
302,2023/10/15-2023/10/22,10,QLDN,MODIS,20231023,FSQLDN_20231015-20231022,,,,,
303,2023/10/18-2023/10/22,10,NT,MODIS,20231023,FSNT_20231018-202310123,,,,,
304,2023/10/15-2023/10/22,10,QLDS,MODIS,20231025,FSQLDS_2023101520231022,,,,,
305,2023/10/17-2023/10/24,10,WAN,MODIS,20231025,FSWAN_20231017-20231024,,,,,
306,2023/10/22-2023/10/26,10,NT,MODIS,20231027,FSNT_20231023-202310126,,,,,
307,2023/10/26-2023/10/28,10,NT,MODIS,20231028,FSNT_20231026-202310128,,,,,
308,2023/10/24-2023/10/27,10,WAN,MODIS,20231028,FSWAN_20231024-20231027,,,,,
309,2023/10/22-2023/10/28,10,QLDS,MODIS,20231028,FSQLDS_20231022-20231028_Carnarvon,,,,,
310,2023/10/22-2023/10/27,10,QLDN,MODIS,20231030,FSQLDN_20231022-20231027,,,,,
311,2023/10/01-2023/10/29,10,QLDS,Sentinel 2,20231031,FSQLDS_20231001-20231029_Isa,,,,,
312,2023/10/27-2023/10/31,10,WAN,MODIS,20231031,FSWAN_20231027-20231031,yes,,,,
313,2023/10/15-2023/10/30,10,QLDS,MODIS,20231101,FSQLDS_20231015-20231030,yes,,,,
314,2023/10/27-2023/11/01,10,QLDN,MODIS,20231101,FSQLDN_20231027-20231101,yes,,,,
315,2023/10/28-2023/10/31,10,NT,MODIS,20231101,FSNT_20231028-20231031,yes,,,,
316,2023/07/07-2023/11/02,11,SA,Sentinel 2,20231103,FSSA_20230707-20231102,yes,,,,
317,,,,,,,,,,,
318,,,,,,,,,,,
319,,,,,,,,,,,
320,,,,,,,,,,,
321,,,,,,,,,,,
322,,,,,,,,,,,
323,,,,,,,,,,,
324,,,,,,,,,,,
325,,,,,,,,,,,
